{"cameraMode":{"drawMode":0,"name":"Shaded","section":"Shading Mode"},"sceneLighting":false,"audioPlay":false,"sceneViewState":{"m_AlwaysRefresh":false,"showFog":true,"showSkybox":false,"showFlares":true,"showImageEffects":true,"showParticleSystems":true,"showVisualEffectGraphs":true,"m_FxEnabled":true},"in2DMode":false,"pivot":{"x":2.8870389461517336,"y":0.037211477756500247,"z":6.231917381286621},"rotation":{"x":-0.03326316550374031,"y":-0.9660196900367737,"z":0.16125407814979554,"w":-0.1994202882051468},"size":0.3116602897644043,"orthographic":false}