{"cameraMode":{"drawMode":0,"name":"Shaded","section":"Shading Mode"},"sceneLighting":false,"audioPlay":false,"sceneViewState":{"m_AlwaysRefresh":false,"showFog":true,"showSkybox":false,"showFlares":true,"showImageEffects":true,"showParticleSystems":true,"showVisualEffectGraphs":true,"m_FxEnabled":true},"in2DMode":false,"pivot":{"x":2.870542049407959,"y":0.24138537049293519,"z":6.621920585632324},"rotation":{"x":-0.04711049422621727,"y":-0.9489268064498901,"z":0.17160052061080934,"w":-0.2606586217880249},"size":0.14652825891971589,"orthographic":false}