{"cameraMode":{"drawMode":0,"name":"Shaded","section":"Shading Mode"},"sceneLighting":false,"audioPlay":false,"sceneViewState":{"m_AlwaysRefresh":false,"showFog":true,"showSkybox":false,"showFlares":true,"showImageEffects":true,"showParticleSystems":true,"showVisualEffectGraphs":true,"m_FxEnabled":true},"in2DMode":false,"pivot":{"x":2.6953089237213136,"y":0.2623002529144287,"z":6.119409084320068},"rotation":{"x":0.023860791698098184,"y":-0.947891354560852,"z":0.07302459329366684,"w":0.30931684374809267},"size":0.49112167954444888,"orthographic":false}