{"cameraMode":{"drawMode":0,"name":"Shaded","section":"Shading Mode"},"sceneLighting":false,"audioPlay":false,"sceneViewState":{"m_AlwaysRefresh":false,"showFog":true,"showSkybox":false,"showFlares":true,"showImageEffects":true,"showParticleSystems":true,"showVisualEffectGraphs":true,"m_FxEnabled":true},"in2DMode":false,"pivot":{"x":2.8337624073028566,"y":0.48761507868766787,"z":7.03434944152832},"rotation":{"x":-0.05725128576159477,"y":-0.9401021599769592,"z":-0.19852203130722047,"w":0.27128300070762637},"size":0.4374677240848541,"orthographic":false}