{"cameraMode":{"drawMode":0,"name":"Shaded","section":"Shading Mode"},"sceneLighting":true,"audioPlay":false,"sceneViewState":{"m_AlwaysRefresh":false,"showFog":true,"showSkybox":true,"showFlares":true,"showImageEffects":true,"showParticleSystems":true,"showVisualEffectGraphs":true,"m_FxEnabled":true},"in2DMode":false,"pivot":{"x":31.21693992614746,"y":28.008514404296876,"z":-30.582054138183595},"rotation":{"x":-0.1861710548400879,"y":0.2059832066297531,"z":-0.039893217384815219,"w":-0.9598780274391174},"size":0.5756301283836365,"orthographic":false}