{"cameraMode":{"drawMode":0,"name":"Shaded","section":"Shading Mode"},"sceneLighting":true,"audioPlay":false,"sceneViewState":{"m_AlwaysRefresh":false,"showFog":true,"showSkybox":true,"showFlares":true,"showImageEffects":true,"showParticleSystems":true,"showVisualEffectGraphs":true,"m_FxEnabled":true},"in2DMode":false,"pivot":{"x":-10.813004493713379,"y":6.619388580322266,"z":7.4997100830078129},"rotation":{"x":-0.17363280057907105,"y":-0.4220849871635437,"z":0.08278780430555344,"w":-0.8859352469444275},"size":2.8275320529937746,"orthographic":false}